{
  "employers": [
    {
      "company_name": "Prodapt",
      "address": "Hyderabad",
      "hand_phone_no": "8885323290",
      "hand_phone_no_2": "6300876204",
      "email_id": "gmanikanta1307@gmail.com",
      "pass_word": "mani mahesh",
      "pass_word_2": "mani mahesh",
      "id": 1
    },
    {
      "company_name": "cts",
      "address": "mahabubnagar",
      "hand_phone_no": "9666793224",
      "hand_phone_no_2": "9640023713",
      "email_id": "gmanikanta1307@gmail.com",
      "pass_word": "kjjtyu",
      "pass_word_2": "ffghh",
      "id": 3
    }
  ]
}