{
    "jobsapplied": [
      {
        "use": "manjd",
        "email_id": "djbdhgcjbnncbjkcjkvn@gmail.com",
        "pass_word": "dfghjfv",
        "id": 1
      },
      {
        "qualification": "BE",
        "location": "Raichur",
        "experience": "3",
        "cv": "C:\\fakepath\\Autobiography on kalam.docx",
        "id": 2
      },
      {
        "qualification": "BE",
        "location": "Raichur",
        "experience": "3",
        "cv": "C:\\fakepath\\Autobiography on kalam.docx",
        "id": 3
      },
      {
        "qualification": "BE",
        "location": "Raichur",
        "experience": "3",
        "cv": "C:\\fakepath\\comprehension assignment.pdf.docx",
        "id": 4
      }
      
    ]
  }